id,length,language,blur,orientation,background_type,skewing_angle,text_color,character_spacing,space_width,size,stroke_fill,stroke_width,string,squeezing_ratio,font
0,3,ja,3,1,0,1,#282828,68,0.5546819190501335,105,#530878,0,'蕪 技術点 むろづか',1.0259421249754936,D:\LRC\个人项目\FontRecognition\universal-font-recognition\dataset\fonts\JP\Morisawa（森泽）\A-OTF Shin Go Pro M.otf
1,3,ja,3,1,0,1,#282828,68,0.5546819190501335,105,#530878,0,'新井川 りゅうつうけいざいけんきゅうじょ 三等親',1.0259421249754936,D:\LRC\个人项目\FontRecognition\universal-font-recognition\dataset\fonts\JP\Morisawa（森泽）\A-OTF Shin Go Pro M.otf
2,3,ja,3,1,0,1,#282828,68,0.5546819190501335,105,#530878,0,'トレヴィゾ 栄美 市宮',1.0259421249754936,D:\LRC\个人项目\FontRecognition\universal-font-recognition\dataset\fonts\JP\Morisawa（森泽）\A-OTF Shin Go Pro M.otf
3,3,ja,3,1,0,1,#282828,68,0.5546819190501335,105,#530878,0,'ひろえ 入船東町 さかゆ',1.0259421249754936,D:\LRC\个人项目\FontRecognition\universal-font-recognition\dataset\fonts\JP\Morisawa（森泽）\A-OTF Shin Go Pro M.otf
4,3,ja,3,1,0,1,#282828,68,0.5546819190501335,105,#530878,0,'沖ノ谷 ふりこめる かんそうせん',1.0259421249754936,D:\LRC\个人项目\FontRecognition\universal-font-recognition\dataset\fonts\JP\Morisawa（森泽）\A-OTF Shin Go Pro M.otf
5,3,ja,3,1,0,1,#282828,68,0.5546819190501335,105,#530878,0,'主一 たかや 土手川',1.0259421249754936,D:\LRC\个人项目\FontRecognition\universal-font-recognition\dataset\fonts\JP\Morisawa（森泽）\A-OTF Shin Go Pro M.otf
6,3,ja,3,1,0,1,#282828,68,0.5546819190501335,105,#530878,0,'もうす ちゅうれんじ 瞼板腺',1.0259421249754936,D:\LRC\个人项目\FontRecognition\universal-font-recognition\dataset\fonts\JP\Morisawa（森泽）\A-OTF Shin Go Pro M.otf
7,3,ja,3,1,0,1,#282828,68,0.5546819190501335,105,#530878,0,'幹弥 鎖千子 さいのはな',1.0259421249754936,D:\LRC\个人项目\FontRecognition\universal-font-recognition\dataset\fonts\JP\Morisawa（森泽）\A-OTF Shin Go Pro M.otf
8,3,ja,3,1,0,1,#282828,68,0.5546819190501335,105,#530878,0,'ＧＩＦアニメ 四死球 松会',1.0259421249754936,D:\LRC\个人项目\FontRecognition\universal-font-recognition\dataset\fonts\JP\Morisawa（森泽）\A-OTF Shin Go Pro M.otf
9,3,ja,3,1,0,1,#282828,68,0.5546819190501335,105,#530878,0,'ジャムサ たど わかざわ',1.0259421249754936,D:\LRC\个人项目\FontRecognition\universal-font-recognition\dataset\fonts\JP\Morisawa（森泽）\A-OTF Shin Go Pro M.otf
10,2,ja,3,1,0,359,#7BD8CF,0,0.639356835193734,105,#795A23,0,'くずがみ 南雉谷',0.8574814308806575,D:\LRC\个人项目\FontRecognition\universal-font-recognition\dataset\fonts\JP\Morisawa（森泽）\A-OTF Shin Go Pro DB.otf
11,2,ja,3,1,0,359,#7BD8CF,0,0.639356835193734,105,#795A23,0,'海名 心夏',0.8574814308806575,D:\LRC\个人项目\FontRecognition\universal-font-recognition\dataset\fonts\JP\Morisawa（森泽）\A-OTF Shin Go Pro DB.otf
12,2,ja,3,1,0,359,#7BD8CF,0,0.639356835193734,105,#795A23,0,'稜代 黒沼克史',0.8574814308806575,D:\LRC\个人项目\FontRecognition\universal-font-recognition\dataset\fonts\JP\Morisawa（森泽）\A-OTF Shin Go Pro DB.otf
13,2,ja,3,1,0,359,#7BD8CF,0,0.639356835193734,105,#795A23,0,'ほんでんつぼ 内桶',0.8574814308806575,D:\LRC\个人项目\FontRecognition\universal-font-recognition\dataset\fonts\JP\Morisawa（森泽）\A-OTF Shin Go Pro DB.otf
14,2,ja,3,1,0,359,#7BD8CF,0,0.639356835193734,105,#795A23,0,'純輝 にゅうこう',0.8574814308806575,D:\LRC\个人项目\FontRecognition\universal-font-recognition\dataset\fonts\JP\Morisawa（森泽）\A-OTF Shin Go Pro DB.otf
15,2,ja,3,1,0,359,#7BD8CF,0,0.639356835193734,105,#795A23,0,'ゆえみ としかた',0.8574814308806575,D:\LRC\个人项目\FontRecognition\universal-font-recognition\dataset\fonts\JP\Morisawa（森泽）\A-OTF Shin Go Pro DB.otf
16,2,ja,3,1,0,359,#7BD8CF,0,0.639356835193734,105,#795A23,0,'高田浩 ふるつち',0.8574814308806575,D:\LRC\个人项目\FontRecognition\universal-font-recognition\dataset\fonts\JP\Morisawa（森泽）\A-OTF Shin Go Pro DB.otf
17,2,ja,3,1,0,359,#7BD8CF,0,0.639356835193734,105,#795A23,0,'照射法 こうや',0.8574814308806575,D:\LRC\个人项目\FontRecognition\universal-font-recognition\dataset\fonts\JP\Morisawa（森泽）\A-OTF Shin Go Pro DB.otf
18,2,ja,3,1,0,359,#7BD8CF,0,0.639356835193734,105,#795A23,0,'昌未 こうよう',0.8574814308806575,D:\LRC\个人项目\FontRecognition\universal-font-recognition\dataset\fonts\JP\Morisawa（森泽）\A-OTF Shin Go Pro DB.otf
19,2,ja,3,1,0,359,#7BD8CF,0,0.639356835193734,105,#795A23,0,'保東 質量スペクトル',0.8574814308806575,D:\LRC\个人项目\FontRecognition\universal-font-recognition\dataset\fonts\JP\Morisawa（森泽）\A-OTF Shin Go Pro DB.otf
20,1,ja,3,1,1,356,#282828,14,0.6138561358772712,105,#DE6A19,2,'免古地',0.99613432433193,D:\LRC\个人项目\FontRecognition\universal-font-recognition\dataset\fonts\JP\Morisawa（森泽）\A-OTF Shin Go Pro H.otf
21,1,ja,3,1,1,356,#282828,14,0.6138561358772712,105,#DE6A19,2,'スクールメイト',0.99613432433193,D:\LRC\个人项目\FontRecognition\universal-font-recognition\dataset\fonts\JP\Morisawa（森泽）\A-OTF Shin Go Pro H.otf
22,1,ja,3,1,1,356,#282828,14,0.6138561358772712,105,#DE6A19,2,'久五郎',0.99613432433193,D:\LRC\个人项目\FontRecognition\universal-font-recognition\dataset\fonts\JP\Morisawa（森泽）\A-OTF Shin Go Pro H.otf
23,1,ja,3,1,1,356,#282828,14,0.6138561358772712,105,#DE6A19,2,'姧む',0.99613432433193,D:\LRC\个人项目\FontRecognition\universal-font-recognition\dataset\fonts\JP\Morisawa（森泽）\A-OTF Shin Go Pro H.otf
24,1,ja,3,1,1,356,#282828,14,0.6138561358772712,105,#DE6A19,2,'加野団地',0.99613432433193,D:\LRC\个人项目\FontRecognition\universal-font-recognition\dataset\fonts\JP\Morisawa（森泽）\A-OTF Shin Go Pro H.otf
25,1,ja,3,1,1,356,#282828,14,0.6138561358772712,105,#DE6A19,2,'できた',0.99613432433193,D:\LRC\个人项目\FontRecognition\universal-font-recognition\dataset\fonts\JP\Morisawa（森泽）\A-OTF Shin Go Pro H.otf
26,1,ja,3,1,1,356,#282828,14,0.6138561358772712,105,#DE6A19,2,'法林坊',0.99613432433193,D:\LRC\个人项目\FontRecognition\universal-font-recognition\dataset\fonts\JP\Morisawa（森泽）\A-OTF Shin Go Pro H.otf
27,1,ja,3,1,1,356,#282828,14,0.6138561358772712,105,#DE6A19,2,'子ども達',0.99613432433193,D:\LRC\个人项目\FontRecognition\universal-font-recognition\dataset\fonts\JP\Morisawa（森泽）\A-OTF Shin Go Pro H.otf
28,1,ja,3,1,1,356,#282828,14,0.6138561358772712,105,#DE6A19,2,'田殿',0.99613432433193,D:\LRC\个人项目\FontRecognition\universal-font-recognition\dataset\fonts\JP\Morisawa（森泽）\A-OTF Shin Go Pro H.otf
29,1,ja,3,1,1,356,#282828,14,0.6138561358772712,105,#DE6A19,2,'梅郷',0.99613432433193,D:\LRC\个人项目\FontRecognition\universal-font-recognition\dataset\fonts\JP\Morisawa（森泽）\A-OTF Shin Go Pro H.otf
30,2,ja,0,1,0,3,#BFF819,45,1.2216045813736232,105,#FFFFFF,7,'鈴朱香 うしろぐさ',1.0976071956386004,D:\LRC\个人项目\FontRecognition\universal-font-recognition\dataset\fonts\JP\Morisawa（森泽）\A-OTF Shin Go Pro DB.otf
31,2,ja,0,1,0,3,#BFF819,45,1.2216045813736232,105,#FFFFFF,7,'ろうしゃ ヘルチスキ',1.0976071956386004,D:\LRC\个人项目\FontRecognition\universal-font-recognition\dataset\fonts\JP\Morisawa（森泽）\A-OTF Shin Go Pro DB.otf
32,2,ja,0,1,0,3,#BFF819,45,1.2216045813736232,105,#FFFFFF,7,'かざばやし せいようだね',1.0976071956386004,D:\LRC\个人项目\FontRecognition\universal-font-recognition\dataset\fonts\JP\Morisawa（森泽）\A-OTF Shin Go Pro DB.otf
33,2,ja,0,1,0,3,#BFF819,45,1.2216045813736232,105,#FFFFFF,7,'半田埠頭駅 ゆりかこ',1.0976071956386004,D:\LRC\个人项目\FontRecognition\universal-font-recognition\dataset\fonts\JP\Morisawa（森泽）\A-OTF Shin Go Pro DB.otf
34,2,ja,0,1,0,3,#BFF819,45,1.2216045813736232,105,#FFFFFF,7,'こたじ 友舞',1.0976071956386004,D:\LRC\个人项目\FontRecognition\universal-font-recognition\dataset\fonts\JP\Morisawa（森泽）\A-OTF Shin Go Pro DB.otf
35,2,ja,0,1,0,3,#BFF819,45,1.2216045813736232,105,#FFFFFF,7,'かくだいがく 雑ぜっ返す',1.0976071956386004,D:\LRC\个人项目\FontRecognition\universal-font-recognition\dataset\fonts\JP\Morisawa（森泽）\A-OTF Shin Go Pro DB.otf
36,2,ja,0,1,0,3,#BFF819,45,1.2216045813736232,105,#FFFFFF,7,'おうじぼうぼう せいけんあらそい',1.0976071956386004,D:\LRC\个人项目\FontRecognition\universal-font-recognition\dataset\fonts\JP\Morisawa（森泽）\A-OTF Shin Go Pro DB.otf
37,2,ja,0,1,0,3,#BFF819,45,1.2216045813736232,105,#FFFFFF,7,'霊夢 はくしゃ',1.0976071956386004,D:\LRC\个人项目\FontRecognition\universal-font-recognition\dataset\fonts\JP\Morisawa（森泽）\A-OTF Shin Go Pro DB.otf
38,2,ja,0,1,0,3,#BFF819,45,1.2216045813736232,105,#FFFFFF,7,'ぼくしん 斉郷',1.0976071956386004,D:\LRC\个人项目\FontRecognition\universal-font-recognition\dataset\fonts\JP\Morisawa（森泽）\A-OTF Shin Go Pro DB.otf
39,2,ja,0,1,0,3,#BFF819,45,1.2216045813736232,105,#FFFFFF,7,'陽沙葵 ただひこ',1.0976071956386004,D:\LRC\个人项目\FontRecognition\universal-font-recognition\dataset\fonts\JP\Morisawa（森泽）\A-OTF Shin Go Pro DB.otf
40,3,ja,3,1,1,359,#282828,2,0.7991267061030352,105,#FFFFFF,0,'ごきゅう 皿山町 システム・コンポーネント',1.038326902712351,D:\LRC\个人项目\FontRecognition\universal-font-recognition\dataset\fonts\JP\Morisawa（森泽）\A-OTF Shin Go Pro DB.otf
41,3,ja,3,1,1,359,#282828,2,0.7991267061030352,105,#FFFFFF,0,'弧度 一杉 大妻木谷',1.038326902712351,D:\LRC\个人项目\FontRecognition\universal-font-recognition\dataset\fonts\JP\Morisawa（森泽）\A-OTF Shin Go Pro DB.otf
42,3,ja,3,1,1,359,#282828,2,0.7991267061030352,105,#FFFFFF,0,'ディップソース すずきともやす 昭貞',1.038326902712351,D:\LRC\个人项目\FontRecognition\universal-font-recognition\dataset\fonts\JP\Morisawa（森泽）\A-OTF Shin Go Pro DB.otf
43,3,ja,3,1,1,359,#282828,2,0.7991267061030352,105,#FFFFFF,0,'桂河田 貝の沢 復帰',1.038326902712351,D:\LRC\个人项目\FontRecognition\universal-font-recognition\dataset\fonts\JP\Morisawa（森泽）\A-OTF Shin Go Pro DB.otf
44,3,ja,3,1,1,359,#282828,2,0.7991267061030352,105,#FFFFFF,0,'かいみ ご来光 夘一',1.038326902712351,D:\LRC\个人项目\FontRecognition\universal-font-recognition\dataset\fonts\JP\Morisawa（森泽）\A-OTF Shin Go Pro DB.otf
45,3,ja,3,1,1,359,#282828,2,0.7991267061030352,105,#FFFFFF,0,'荒分 黙史 ぞうかりょう',1.038326902712351,D:\LRC\个人项目\FontRecognition\universal-font-recognition\dataset\fonts\JP\Morisawa（森泽）\A-OTF Shin Go Pro DB.otf
46,3,ja,3,1,1,359,#282828,2,0.7991267061030352,105,#FFFFFF,0,'炭焼境沢川 カラワンケン山脈 悳太',1.038326902712351,D:\LRC\个人项目\FontRecognition\universal-font-recognition\dataset\fonts\JP\Morisawa（森泽）\A-OTF Shin Go Pro DB.otf
47,3,ja,3,1,1,359,#282828,2,0.7991267061030352,105,#FFFFFF,0,'実那瀬 にしたての テラス・ハウス',1.038326902712351,D:\LRC\个人项目\FontRecognition\universal-font-recognition\dataset\fonts\JP\Morisawa（森泽）\A-OTF Shin Go Pro DB.otf
48,3,ja,3,1,1,359,#282828,2,0.7991267061030352,105,#FFFFFF,0,'もとのぶ 順寛 恵紅',1.038326902712351,D:\LRC\个人项目\FontRecognition\universal-font-recognition\dataset\fonts\JP\Morisawa（森泽）\A-OTF Shin Go Pro DB.otf
49,3,ja,3,1,1,359,#282828,2,0.7991267061030352,105,#FFFFFF,0,'学生会 いたどり いでもりやま',1.038326902712351,D:\LRC\个人项目\FontRecognition\universal-font-recognition\dataset\fonts\JP\Morisawa（森泽）\A-OTF Shin Go Pro DB.otf
50,2,ja,3,1,0,358,#282828,48,1.1039843604251227,105,#FFFFFF,1,'川口別所 甲矢夫',1.012903404657425,D:\LRC\个人项目\FontRecognition\universal-font-recognition\dataset\fonts\JP\Morisawa（森泽）\A-OTF Take Std B.otf
51,2,ja,3,1,0,358,#282828,48,1.1039843604251227,105,#FFFFFF,1,'伊原剛志 あかレンガ',1.012903404657425,D:\LRC\个人项目\FontRecognition\universal-font-recognition\dataset\fonts\JP\Morisawa（森泽）\A-OTF Take Std B.otf
52,2,ja,3,1,0,358,#282828,48,1.1039843604251227,105,#FFFFFF,1,'こまつせいさくしょ いなやぶ',1.012903404657425,D:\LRC\个人项目\FontRecognition\universal-font-recognition\dataset\fonts\JP\Morisawa（森泽）\A-OTF Take Std B.otf
53,2,ja,3,1,0,358,#282828,48,1.1039843604251227,105,#FFFFFF,1,'えきていさわがわ しけんしほう',1.012903404657425,D:\LRC\个人项目\FontRecognition\universal-font-recognition\dataset\fonts\JP\Morisawa（森泽）\A-OTF Take Std B.otf
54,2,ja,3,1,0,358,#282828,48,1.1039843604251227,105,#FFFFFF,1,'ごにんうけ 鉄石心腸',1.012903404657425,D:\LRC\个人项目\FontRecognition\universal-font-recognition\dataset\fonts\JP\Morisawa（森泽）\A-OTF Take Std B.otf
55,2,ja,3,1,0,358,#282828,48,1.1039843604251227,105,#FFFFFF,1,'オメガきょく たえな',1.012903404657425,D:\LRC\个人项目\FontRecognition\universal-font-recognition\dataset\fonts\JP\Morisawa（森泽）\A-OTF Take Std B.otf
56,2,ja,3,1,0,358,#282828,48,1.1039843604251227,105,#FFFFFF,1,'させぶ 定雄',1.012903404657425,D:\LRC\个人项目\FontRecognition\universal-font-recognition\dataset\fonts\JP\Morisawa（森泽）\A-OTF Take Std B.otf
57,2,ja,3,1,0,358,#282828,48,1.1039843604251227,105,#FFFFFF,1,'ますみず わたぬき',1.012903404657425,D:\LRC\个人项目\FontRecognition\universal-font-recognition\dataset\fonts\JP\Morisawa（森泽）\A-OTF Take Std B.otf
58,2,ja,3,1,0,358,#282828,48,1.1039843604251227,105,#FFFFFF,1,'了 二階堂黎人',1.012903404657425,D:\LRC\个人项目\FontRecognition\universal-font-recognition\dataset\fonts\JP\Morisawa（森泽）\A-OTF Take Std B.otf
59,2,ja,3,1,0,358,#282828,48,1.1039843604251227,105,#FFFFFF,1,'武松 ふみならす',1.012903404657425,D:\LRC\个人项目\FontRecognition\universal-font-recognition\dataset\fonts\JP\Morisawa（森泽）\A-OTF Take Std B.otf
60,1,ja,0,0,1,341,#282828,57,0.01401655025101145,105,#FFFFFF,2,'ちかさぶろう',1.1157645178680455,D:\LRC\个人项目\FontRecognition\universal-font-recognition\dataset\fonts\JP\Morisawa（森泽）\A-OTF Gothic MB101 Pr6N DB.otf
61,1,ja,0,0,1,341,#282828,57,0.01401655025101145,105,#FFFFFF,2,'なるたきいずみでん',1.1157645178680455,D:\LRC\个人项目\FontRecognition\universal-font-recognition\dataset\fonts\JP\Morisawa（森泽）\A-OTF Gothic MB101 Pr6N DB.otf
62,1,ja,0,0,1,341,#282828,57,0.01401655025101145,105,#FFFFFF,2,'こたにや',1.1157645178680455,D:\LRC\个人项目\FontRecognition\universal-font-recognition\dataset\fonts\JP\Morisawa（森泽）\A-OTF Gothic MB101 Pr6N DB.otf
63,1,ja,0,0,1,341,#282828,57,0.01401655025101145,105,#FFFFFF,2,'井上萬二',1.1157645178680455,D:\LRC\个人项目\FontRecognition\universal-font-recognition\dataset\fonts\JP\Morisawa（森泽）\A-OTF Gothic MB101 Pr6N DB.otf
64,1,ja,0,0,1,341,#282828,57,0.01401655025101145,105,#FFFFFF,2,'壮三郎',1.1157645178680455,D:\LRC\个人项目\FontRecognition\universal-font-recognition\dataset\fonts\JP\Morisawa（森泽）\A-OTF Gothic MB101 Pr6N DB.otf
65,1,ja,0,0,1,341,#282828,57,0.01401655025101145,105,#FFFFFF,2,'げきじんさいがい',1.1157645178680455,D:\LRC\个人项目\FontRecognition\universal-font-recognition\dataset\fonts\JP\Morisawa（森泽）\A-OTF Gothic MB101 Pr6N DB.otf
66,1,ja,0,0,1,341,#282828,57,0.01401655025101145,105,#FFFFFF,2,'さおり',1.1157645178680455,D:\LRC\个人项目\FontRecognition\universal-font-recognition\dataset\fonts\JP\Morisawa（森泽）\A-OTF Gothic MB101 Pr6N DB.otf
67,1,ja,0,0,1,341,#282828,57,0.01401655025101145,105,#FFFFFF,2,'新堰下',1.1157645178680455,D:\LRC\个人项目\FontRecognition\universal-font-recognition\dataset\fonts\JP\Morisawa（森泽）\A-OTF Gothic MB101 Pr6N DB.otf
68,1,ja,0,0,1,341,#282828,57,0.01401655025101145,105,#FFFFFF,2,'琴平山',1.1157645178680455,D:\LRC\个人项目\FontRecognition\universal-font-recognition\dataset\fonts\JP\Morisawa（森泽）\A-OTF Gothic MB101 Pr6N DB.otf
69,1,ja,0,0,1,341,#282828,57,0.01401655025101145,105,#FFFFFF,2,'遷宮祭',1.1157645178680455,D:\LRC\个人项目\FontRecognition\universal-font-recognition\dataset\fonts\JP\Morisawa（森泽）\A-OTF Gothic MB101 Pr6N DB.otf
70,3,ja,3,1,2,347,#282828,36,1.2666253173762816,105,#FFFFFF,4,'ちから ひゃくぞう けんぜん',0.9806929512604257,D:\LRC\个人项目\FontRecognition\universal-font-recognition\dataset\fonts\JP\Morisawa（森泽）\A-OTF Gothic MB101 Pr6N M.otf
71,3,ja,3,1,2,347,#282828,36,1.2666253173762816,105,#FFFFFF,4,'ハロゲン化物 しゅうがくいんじゅうごんじ 愛希菜',0.9806929512604257,D:\LRC\个人项目\FontRecognition\universal-font-recognition\dataset\fonts\JP\Morisawa（森泽）\A-OTF Gothic MB101 Pr6N M.otf
72,3,ja,3,1,2,347,#282828,36,1.2666253173762816,105,#FFFFFF,4,'くるまだにがわ こうえい しんとうま',0.9806929512604257,D:\LRC\个人项目\FontRecognition\universal-font-recognition\dataset\fonts\JP\Morisawa（森泽）\A-OTF Gothic MB101 Pr6N M.otf
73,3,ja,3,1,2,347,#282828,36,1.2666253173762816,105,#FFFFFF,4,'吹場沢 にっぽんかいるいがっかい あいたく',0.9806929512604257,D:\LRC\个人项目\FontRecognition\universal-font-recognition\dataset\fonts\JP\Morisawa（森泽）\A-OTF Gothic MB101 Pr6N M.otf
74,3,ja,3,1,2,347,#282828,36,1.2666253173762816,105,#FFFFFF,4,'チングズバロ 直ちに 一里塚',0.9806929512604257,D:\LRC\个人项目\FontRecognition\universal-font-recognition\dataset\fonts\JP\Morisawa（森泽）\A-OTF Gothic MB101 Pr6N M.otf
75,3,ja,3,1,2,347,#282828,36,1.2666253173762816,105,#FFFFFF,4,'紋別郡滝上町 沖本達也 千都',0.9806929512604257,D:\LRC\个人项目\FontRecognition\universal-font-recognition\dataset\fonts\JP\Morisawa（森泽）\A-OTF Gothic MB101 Pr6N M.otf
76,3,ja,3,1,2,347,#282828,36,1.2666253173762816,105,#FFFFFF,4,'都美子 夕涼 いちだいせんぷう',0.9806929512604257,D:\LRC\个人项目\FontRecognition\universal-font-recognition\dataset\fonts\JP\Morisawa（森泽）\A-OTF Gothic MB101 Pr6N M.otf
77,3,ja,3,1,2,347,#282828,36,1.2666253173762816,105,#FFFFFF,4,'なおた 田原俊彦 茉編',0.9806929512604257,D:\LRC\个人项目\FontRecognition\universal-font-recognition\dataset\fonts\JP\Morisawa（森泽）\A-OTF Gothic MB101 Pr6N M.otf
78,3,ja,3,1,2,347,#282828,36,1.2666253173762816,105,#FFFFFF,4,'しオン はたけやまなおのぶ 且',0.9806929512604257,D:\LRC\个人项目\FontRecognition\universal-font-recognition\dataset\fonts\JP\Morisawa（森泽）\A-OTF Gothic MB101 Pr6N M.otf
79,3,ja,3,1,2,347,#282828,36,1.2666253173762816,105,#FFFFFF,4,'ひろとし みなせゴルフじょう 立典',0.9806929512604257,D:\LRC\个人项目\FontRecognition\universal-font-recognition\dataset\fonts\JP\Morisawa（森泽）\A-OTF Gothic MB101 Pr6N M.otf
80,1,ja,1,0,0,358,#282828,42,0.1851829530015231,105,#FFFFFF,0,'激震',1.1087618062796927,D:\LRC\个人项目\FontRecognition\universal-font-recognition\dataset\fonts\JP\Morisawa（森泽）\A-OTF Shin Go Pro DB.otf
81,1,ja,1,0,0,358,#282828,42,0.1851829530015231,105,#FFFFFF,0,'かた',1.1087618062796927,D:\LRC\个人项目\FontRecognition\universal-font-recognition\dataset\fonts\JP\Morisawa（森泽）\A-OTF Shin Go Pro DB.otf
82,1,ja,1,0,0,358,#282828,42,0.1851829530015231,105,#FFFFFF,0,'ひさお',1.1087618062796927,D:\LRC\个人项目\FontRecognition\universal-font-recognition\dataset\fonts\JP\Morisawa（森泽）\A-OTF Shin Go Pro DB.otf
83,1,ja,1,0,0,358,#282828,42,0.1851829530015231,105,#FFFFFF,0,'中村うさぎ',1.1087618062796927,D:\LRC\个人项目\FontRecognition\universal-font-recognition\dataset\fonts\JP\Morisawa（森泽）\A-OTF Shin Go Pro DB.otf
84,1,ja,1,0,0,358,#282828,42,0.1851829530015231,105,#FFFFFF,0,'蜀江の錦',1.1087618062796927,D:\LRC\个人项目\FontRecognition\universal-font-recognition\dataset\fonts\JP\Morisawa（森泽）\A-OTF Shin Go Pro DB.otf
85,1,ja,1,0,0,358,#282828,42,0.1851829530015231,105,#FFFFFF,0,'又狩',1.1087618062796927,D:\LRC\个人项目\FontRecognition\universal-font-recognition\dataset\fonts\JP\Morisawa（森泽）\A-OTF Shin Go Pro DB.otf
86,1,ja,1,0,0,358,#282828,42,0.1851829530015231,105,#FFFFFF,0,'であじろしま',1.1087618062796927,D:\LRC\个人项目\FontRecognition\universal-font-recognition\dataset\fonts\JP\Morisawa（森泽）\A-OTF Shin Go Pro DB.otf
87,1,ja,1,0,0,358,#282828,42,0.1851829530015231,105,#FFFFFF,0,'恫愒',1.1087618062796927,D:\LRC\个人项目\FontRecognition\universal-font-recognition\dataset\fonts\JP\Morisawa（森泽）\A-OTF Shin Go Pro DB.otf
88,1,ja,1,0,0,358,#282828,42,0.1851829530015231,105,#FFFFFF,0,'かなざわだい',1.1087618062796927,D:\LRC\个人项目\FontRecognition\universal-font-recognition\dataset\fonts\JP\Morisawa（森泽）\A-OTF Shin Go Pro DB.otf
89,1,ja,1,0,0,358,#282828,42,0.1851829530015231,105,#FFFFFF,0,'南２線',1.1087618062796927,D:\LRC\个人项目\FontRecognition\universal-font-recognition\dataset\fonts\JP\Morisawa（森泽）\A-OTF Shin Go Pro DB.otf
90,2,ja,1,1,2,346,#282828,4,0.10331665676605539,105,#FFFFFF,1,'めいほ しんだいこくばし',1.1140710944524697,D:\LRC\个人项目\FontRecognition\universal-font-recognition\dataset\fonts\JP\Morisawa（森泽）\A-OTF Shin Go Pro DB.otf
91,2,ja,1,1,2,346,#282828,4,0.10331665676605539,105,#FFFFFF,1,'かりね 小作人',1.1140710944524697,D:\LRC\个人项目\FontRecognition\universal-font-recognition\dataset\fonts\JP\Morisawa（森泽）\A-OTF Shin Go Pro DB.otf
92,2,ja,1,1,2,346,#282828,4,0.10331665676605539,105,#FFFFFF,1,'こうしゅう ラダム',1.1140710944524697,D:\LRC\个人项目\FontRecognition\universal-font-recognition\dataset\fonts\JP\Morisawa（森泽）\A-OTF Shin Go Pro DB.otf
93,2,ja,1,1,2,346,#282828,4,0.10331665676605539,105,#FFFFFF,1,'恒太朗 陳列台',1.1140710944524697,D:\LRC\个人项目\FontRecognition\universal-font-recognition\dataset\fonts\JP\Morisawa（森泽）\A-OTF Shin Go Pro DB.otf
94,2,ja,1,1,2,346,#282828,4,0.10331665676605539,105,#FFFFFF,1,'みやどこしつげん ふくごうぶん',1.1140710944524697,D:\LRC\个人项目\FontRecognition\universal-font-recognition\dataset\fonts\JP\Morisawa（森泽）\A-OTF Shin Go Pro DB.otf
95,2,ja,1,1,2,346,#282828,4,0.10331665676605539,105,#FFFFFF,1,'ドンブレヒト 襟章',1.1140710944524697,D:\LRC\个人项目\FontRecognition\universal-font-recognition\dataset\fonts\JP\Morisawa（森泽）\A-OTF Shin Go Pro DB.otf
96,2,ja,1,1,2,346,#282828,4,0.10331665676605539,105,#FFFFFF,1,'加向 ビシケク',1.1140710944524697,D:\LRC\个人项目\FontRecognition\universal-font-recognition\dataset\fonts\JP\Morisawa（森泽）\A-OTF Shin Go Pro DB.otf
97,2,ja,1,1,2,346,#282828,4,0.10331665676605539,105,#FFFFFF,1,'とりずか はつよ',1.1140710944524697,D:\LRC\个人项目\FontRecognition\universal-font-recognition\dataset\fonts\JP\Morisawa（森泽）\A-OTF Shin Go Pro DB.otf
98,2,ja,1,1,2,346,#282828,4,0.10331665676605539,105,#FFFFFF,1,'マジュリスィー まだ',1.1140710944524697,D:\LRC\个人项目\FontRecognition\universal-font-recognition\dataset\fonts\JP\Morisawa（森泽）\A-OTF Shin Go Pro DB.otf
99,2,ja,1,1,2,346,#282828,4,0.10331665676605539,105,#FFFFFF,1,'かたのり 是近',1.1140710944524697,D:\LRC\个人项目\FontRecognition\universal-font-recognition\dataset\fonts\JP\Morisawa（森泽）\A-OTF Shin Go Pro DB.otf
100,2,ja,0,1,0,0,#282828,45,0.3483982005785599,105,#FFFFFF,2,'よしろう 米国預託証券',1.065191111555221,D:\LRC\个人项目\FontRecognition\universal-font-recognition\dataset\fonts\JP\Morisawa（森泽）\A-OTF TakaHand Std B.otf
101,2,ja,0,1,0,0,#282828,45,0.3483982005785599,105,#FFFFFF,2,'全米黒人教師連合 はゆる',1.065191111555221,D:\LRC\个人项目\FontRecognition\universal-font-recognition\dataset\fonts\JP\Morisawa（森泽）\A-OTF TakaHand Std B.otf
102,2,ja,0,1,0,0,#282828,45,0.3483982005785599,105,#FFFFFF,2,'もりぎょう 西ひうち',1.065191111555221,D:\LRC\个人项目\FontRecognition\universal-font-recognition\dataset\fonts\JP\Morisawa（森泽）\A-OTF TakaHand Std B.otf
103,2,ja,0,1,0,0,#282828,45,0.3483982005785599,105,#FFFFFF,2,'ヨセミテ ふじいかつし',1.065191111555221,D:\LRC\个人项目\FontRecognition\universal-font-recognition\dataset\fonts\JP\Morisawa（森泽）\A-OTF TakaHand Std B.otf
104,2,ja,0,1,0,0,#282828,45,0.3483982005785599,105,#FFFFFF,2,'おかつ 本山',1.065191111555221,D:\LRC\个人项目\FontRecognition\universal-font-recognition\dataset\fonts\JP\Morisawa（森泽）\A-OTF TakaHand Std B.otf
105,2,ja,0,1,0,0,#282828,45,0.3483982005785599,105,#FFFFFF,2,'留浦 いのまえ',1.065191111555221,D:\LRC\个人项目\FontRecognition\universal-font-recognition\dataset\fonts\JP\Morisawa（森泽）\A-OTF TakaHand Std B.otf
106,2,ja,0,1,0,0,#282828,45,0.3483982005785599,105,#FFFFFF,2,'径正 とうかんぶ',1.065191111555221,D:\LRC\个人项目\FontRecognition\universal-font-recognition\dataset\fonts\JP\Morisawa（森泽）\A-OTF TakaHand Std B.otf
107,2,ja,0,1,0,0,#282828,45,0.3483982005785599,105,#FFFFFF,2,'百武 野沢那智',1.065191111555221,D:\LRC\个人项目\FontRecognition\universal-font-recognition\dataset\fonts\JP\Morisawa（森泽）\A-OTF TakaHand Std B.otf
108,2,ja,0,1,0,0,#282828,45,0.3483982005785599,105,#FFFFFF,2,'スクモづかこふん ゆうかた',1.065191111555221,D:\LRC\个人项目\FontRecognition\universal-font-recognition\dataset\fonts\JP\Morisawa（森泽）\A-OTF TakaHand Std B.otf
109,2,ja,0,1,0,0,#282828,45,0.3483982005785599,105,#FFFFFF,2,'能地 ざいぜんひろし',1.065191111555221,D:\LRC\个人项目\FontRecognition\universal-font-recognition\dataset\fonts\JP\Morisawa（森泽）\A-OTF TakaHand Std B.otf
110,3,ja,1,1,2,4,#282828,9,0.02033784322899057,105,#112E42,0,'ユーテン よしんど きよみつ',0.8910397416961723,D:\LRC\个人项目\FontRecognition\universal-font-recognition\dataset\fonts\JP\Morisawa（森泽）\A-OTF Ryumin Pr6N H-KL.otf
111,3,ja,1,1,2,4,#282828,9,0.02033784322899057,105,#112E42,0,'じゅんのすけ たむらしょうこ 八ッ川',0.8910397416961723,D:\LRC\个人项目\FontRecognition\universal-font-recognition\dataset\fonts\JP\Morisawa（森泽）\A-OTF Ryumin Pr6N H-KL.otf
112,3,ja,1,1,2,4,#282828,9,0.02033784322899057,105,#112E42,0,'瀬木慎一 千男 あきよちょうつきよし',0.8910397416961723,D:\LRC\个人项目\FontRecognition\universal-font-recognition\dataset\fonts\JP\Morisawa（森泽）\A-OTF Ryumin Pr6N H-KL.otf
113,3,ja,1,1,2,4,#282828,9,0.02033784322899057,105,#112E42,0,'けさどがわ 網掛 留意点',0.8910397416961723,D:\LRC\个人项目\FontRecognition\universal-font-recognition\dataset\fonts\JP\Morisawa（森泽）\A-OTF Ryumin Pr6N H-KL.otf
114,3,ja,1,1,2,4,#282828,9,0.02033784322899057,105,#112E42,0,'いいし てんまダム ひお',0.8910397416961723,D:\LRC\个人项目\FontRecognition\universal-font-recognition\dataset\fonts\JP\Morisawa（森泽）\A-OTF Ryumin Pr6N H-KL.otf
115,3,ja,1,1,2,4,#282828,9,0.02033784322899057,105,#112E42,0,'さりげ グレービー縞馬 かわきたかずのり',0.8910397416961723,D:\LRC\个人项目\FontRecognition\universal-font-recognition\dataset\fonts\JP\Morisawa（森泽）\A-OTF Ryumin Pr6N H-KL.otf
116,3,ja,1,1,2,4,#282828,9,0.02033784322899057,105,#112E42,0,'奈視 蕪岡 しもたけごう',0.8910397416961723,D:\LRC\个人项目\FontRecognition\universal-font-recognition\dataset\fonts\JP\Morisawa（森泽）\A-OTF Ryumin Pr6N H-KL.otf
117,3,ja,1,1,2,4,#282828,9,0.02033784322899057,105,#112E42,0,'こやまひがしげんいちょう はじょうどなかまち つきおれさん',0.8910397416961723,D:\LRC\个人项目\FontRecognition\universal-font-recognition\dataset\fonts\JP\Morisawa（森泽）\A-OTF Ryumin Pr6N H-KL.otf
118,3,ja,1,1,2,4,#282828,9,0.02033784322899057,105,#112E42,0,'わたなみ 知史 たげり',0.8910397416961723,D:\LRC\个人项目\FontRecognition\universal-font-recognition\dataset\fonts\JP\Morisawa（森泽）\A-OTF Ryumin Pr6N H-KL.otf
119,3,ja,1,1,2,4,#282828,9,0.02033784322899057,105,#112E42,0,'プラ段 格子 へびとんぼ',0.8910397416961723,D:\LRC\个人项目\FontRecognition\universal-font-recognition\dataset\fonts\JP\Morisawa（森泽）\A-OTF Ryumin Pr6N H-KL.otf
120,1,ja,0,1,2,5,#282828,44,0.07292468140665692,105,#D08C31,0,'龍弘',0.91004004072131,D:\LRC\个人项目\FontRecognition\universal-font-recognition\dataset\fonts\JP\Morisawa（森泽）\A-OTF Shin Go Pr5 B.otf
121,1,ja,0,1,2,5,#282828,44,0.07292468140665692,105,#D08C31,0,'オビわん',0.91004004072131,D:\LRC\个人项目\FontRecognition\universal-font-recognition\dataset\fonts\JP\Morisawa（森泽）\A-OTF Shin Go Pr5 B.otf
122,1,ja,0,1,2,5,#282828,44,0.07292468140665692,105,#D08C31,0,'門園',0.91004004072131,D:\LRC\个人项目\FontRecognition\universal-font-recognition\dataset\fonts\JP\Morisawa（森泽）\A-OTF Shin Go Pr5 B.otf
123,1,ja,0,1,2,5,#282828,44,0.07292468140665692,105,#D08C31,0,'せんじょう',0.91004004072131,D:\LRC\个人项目\FontRecognition\universal-font-recognition\dataset\fonts\JP\Morisawa（森泽）\A-OTF Shin Go Pr5 B.otf
124,1,ja,0,1,2,5,#282828,44,0.07292468140665692,105,#D08C31,0,'はちあわせる',0.91004004072131,D:\LRC\个人项目\FontRecognition\universal-font-recognition\dataset\fonts\JP\Morisawa（森泽）\A-OTF Shin Go Pr5 B.otf
125,1,ja,0,1,2,5,#282828,44,0.07292468140665692,105,#D08C31,0,'燈篭',0.91004004072131,D:\LRC\个人项目\FontRecognition\universal-font-recognition\dataset\fonts\JP\Morisawa（森泽）\A-OTF Shin Go Pr5 B.otf
126,1,ja,0,1,2,5,#282828,44,0.07292468140665692,105,#D08C31,0,'マカレング川',0.91004004072131,D:\LRC\个人项目\FontRecognition\universal-font-recognition\dataset\fonts\JP\Morisawa（森泽）\A-OTF Shin Go Pr5 B.otf
127,1,ja,0,1,2,5,#282828,44,0.07292468140665692,105,#D08C31,0,'割り下',0.91004004072131,D:\LRC\个人项目\FontRecognition\universal-font-recognition\dataset\fonts\JP\Morisawa（森泽）\A-OTF Shin Go Pr5 B.otf
128,1,ja,0,1,2,5,#282828,44,0.07292468140665692,105,#D08C31,0,'通浦崎',0.91004004072131,D:\LRC\个人项目\FontRecognition\universal-font-recognition\dataset\fonts\JP\Morisawa（森泽）\A-OTF Shin Go Pr5 B.otf
129,1,ja,0,1,2,5,#282828,44,0.07292468140665692,105,#D08C31,0,'テープフレーム',0.91004004072131,D:\LRC\个人项目\FontRecognition\universal-font-recognition\dataset\fonts\JP\Morisawa（森泽）\A-OTF Shin Go Pr5 B.otf
130,2,ja,3,0,0,349,#282828,12,0.4011247080162946,105,#FFFFFF,0,'若音 いなりかいと',1.097986986431295,D:\LRC\个人项目\FontRecognition\universal-font-recognition\dataset\fonts\JP\Morisawa（森泽）\A-OTF A1 Mincho Std Bold.otf
131,2,ja,3,0,0,349,#282828,12,0.4011247080162946,105,#FFFFFF,0,'ゆきのり 大中山島',1.097986986431295,D:\LRC\个人项目\FontRecognition\universal-font-recognition\dataset\fonts\JP\Morisawa（森泽）\A-OTF A1 Mincho Std Bold.otf
132,2,ja,3,0,0,349,#282828,12,0.4011247080162946,105,#FFFFFF,0,'昇陽 おおはるまち',1.097986986431295,D:\LRC\个人项目\FontRecognition\universal-font-recognition\dataset\fonts\JP\Morisawa（森泽）\A-OTF A1 Mincho Std Bold.otf
133,2,ja,3,0,0,349,#282828,12,0.4011247080162946,105,#FFFFFF,0,'神尾 マジックテープ',1.097986986431295,D:\LRC\个人项目\FontRecognition\universal-font-recognition\dataset\fonts\JP\Morisawa（森泽）\A-OTF A1 Mincho Std Bold.otf
134,2,ja,3,0,0,349,#282828,12,0.4011247080162946,105,#FFFFFF,0,'元広克行 くちばしが黄色い',1.097986986431295,D:\LRC\个人项目\FontRecognition\universal-font-recognition\dataset\fonts\JP\Morisawa（森泽）\A-OTF A1 Mincho Std Bold.otf
135,2,ja,3,0,0,349,#282828,12,0.4011247080162946,105,#FFFFFF,0,'伽寿昭 中野内',1.097986986431295,D:\LRC\个人项目\FontRecognition\universal-font-recognition\dataset\fonts\JP\Morisawa（森泽）\A-OTF A1 Mincho Std Bold.otf
136,2,ja,3,0,0,349,#282828,12,0.4011247080162946,105,#FFFFFF,0,'余香 やまつじ',1.097986986431295,D:\LRC\个人项目\FontRecognition\universal-font-recognition\dataset\fonts\JP\Morisawa（森泽）\A-OTF A1 Mincho Std Bold.otf
137,2,ja,3,0,0,349,#282828,12,0.4011247080162946,105,#FFFFFF,0,'ますみ はたえ',1.097986986431295,D:\LRC\个人项目\FontRecognition\universal-font-recognition\dataset\fonts\JP\Morisawa（森泽）\A-OTF A1 Mincho Std Bold.otf
138,2,ja,3,0,0,349,#282828,12,0.4011247080162946,105,#FFFFFF,0,'斤望 さくらなか',1.097986986431295,D:\LRC\个人项目\FontRecognition\universal-font-recognition\dataset\fonts\JP\Morisawa（森泽）\A-OTF A1 Mincho Std Bold.otf
139,2,ja,3,0,0,349,#282828,12,0.4011247080162946,105,#FFFFFF,0,'菜岐佐 十九条駅',1.097986986431295,D:\LRC\个人项目\FontRecognition\universal-font-recognition\dataset\fonts\JP\Morisawa（森泽）\A-OTF A1 Mincho Std Bold.otf
140,1,ja,3,1,2,354,#298B26,9,0.26164909981858325,105,#FFFFFF,0,'宮が谷町',0.9337249536898119,D:\LRC\个人项目\FontRecognition\universal-font-recognition\dataset\fonts\JP\Morisawa（森泽）\A-OTF Folk Pro B.otf
141,1,ja,3,1,2,354,#298B26,9,0.26164909981858325,105,#FFFFFF,0,'裕惠',0.9337249536898119,D:\LRC\个人项目\FontRecognition\universal-font-recognition\dataset\fonts\JP\Morisawa（森泽）\A-OTF Folk Pro B.otf
142,1,ja,3,1,2,354,#298B26,9,0.26164909981858325,105,#FFFFFF,0,'しげあき',0.9337249536898119,D:\LRC\个人项目\FontRecognition\universal-font-recognition\dataset\fonts\JP\Morisawa（森泽）\A-OTF Folk Pro B.otf
143,1,ja,3,1,2,354,#298B26,9,0.26164909981858325,105,#FFFFFF,0,'指向性',0.9337249536898119,D:\LRC\个人项目\FontRecognition\universal-font-recognition\dataset\fonts\JP\Morisawa（森泽）\A-OTF Folk Pro B.otf
144,1,ja,3,1,2,354,#298B26,9,0.26164909981858325,105,#FFFFFF,0,'向郷',0.9337249536898119,D:\LRC\个人项目\FontRecognition\universal-font-recognition\dataset\fonts\JP\Morisawa（森泽）\A-OTF Folk Pro B.otf
145,1,ja,3,1,2,354,#298B26,9,0.26164909981858325,105,#FFFFFF,0,'ふじおかおおはし',0.9337249536898119,D:\LRC\个人项目\FontRecognition\universal-font-recognition\dataset\fonts\JP\Morisawa（森泽）\A-OTF Folk Pro B.otf
146,1,ja,3,1,2,354,#298B26,9,0.26164909981858325,105,#FFFFFF,0,'そとやすまごさわ',0.9337249536898119,D:\LRC\个人项目\FontRecognition\universal-font-recognition\dataset\fonts\JP\Morisawa（森泽）\A-OTF Folk Pro B.otf
147,1,ja,3,1,2,354,#298B26,9,0.26164909981858325,105,#FFFFFF,0,'あんば',0.9337249536898119,D:\LRC\个人项目\FontRecognition\universal-font-recognition\dataset\fonts\JP\Morisawa（森泽）\A-OTF Folk Pro B.otf
148,1,ja,3,1,2,354,#298B26,9,0.26164909981858325,105,#FFFFFF,0,'わかこ',0.9337249536898119,D:\LRC\个人项目\FontRecognition\universal-font-recognition\dataset\fonts\JP\Morisawa（森泽）\A-OTF Folk Pro B.otf
149,1,ja,3,1,2,354,#298B26,9,0.26164909981858325,105,#FFFFFF,0,'すましじる',0.9337249536898119,D:\LRC\个人项目\FontRecognition\universal-font-recognition\dataset\fonts\JP\Morisawa（森泽）\A-OTF Folk Pro B.otf
150,1,ja,0,1,0,357,#D7094D,0,1.4195538475306242,105,#884503,0,'匣',1.157509481139472,D:\LRC\个人项目\FontRecognition\universal-font-recognition\dataset\fonts\JP\Morisawa（森泽）\A-OTF Maru Folk Pro B.otf
151,1,ja,0,1,0,357,#D7094D,0,1.4195538475306242,105,#884503,0,'さいこ',1.157509481139472,D:\LRC\个人项目\FontRecognition\universal-font-recognition\dataset\fonts\JP\Morisawa（森泽）\A-OTF Maru Folk Pro B.otf
152,1,ja,0,1,0,357,#D7094D,0,1.4195538475306242,105,#884503,0,'つるがおかだんち',1.157509481139472,D:\LRC\个人项目\FontRecognition\universal-font-recognition\dataset\fonts\JP\Morisawa（森泽）\A-OTF Maru Folk Pro B.otf
153,1,ja,0,1,0,357,#D7094D,0,1.4195538475306242,105,#884503,0,'豊岡',1.157509481139472,D:\LRC\个人项目\FontRecognition\universal-font-recognition\dataset\fonts\JP\Morisawa（森泽）\A-OTF Maru Folk Pro B.otf
154,1,ja,0,1,0,357,#D7094D,0,1.4195538475306242,105,#884503,0,'じくがく',1.157509481139472,D:\LRC\个人项目\FontRecognition\universal-font-recognition\dataset\fonts\JP\Morisawa（森泽）\A-OTF Maru Folk Pro B.otf
155,1,ja,0,1,0,357,#D7094D,0,1.4195538475306242,105,#884503,0,'かずい',1.157509481139472,D:\LRC\个人项目\FontRecognition\universal-font-recognition\dataset\fonts\JP\Morisawa（森泽）\A-OTF Maru Folk Pro B.otf
156,1,ja,0,1,0,357,#D7094D,0,1.4195538475306242,105,#884503,0,'朝霧町',1.157509481139472,D:\LRC\个人项目\FontRecognition\universal-font-recognition\dataset\fonts\JP\Morisawa（森泽）\A-OTF Maru Folk Pro B.otf
157,1,ja,0,1,0,357,#D7094D,0,1.4195538475306242,105,#884503,0,'釜床山',1.157509481139472,D:\LRC\个人项目\FontRecognition\universal-font-recognition\dataset\fonts\JP\Morisawa（森泽）\A-OTF Maru Folk Pro B.otf
158,1,ja,0,1,0,357,#D7094D,0,1.4195538475306242,105,#884503,0,'るねこ',1.157509481139472,D:\LRC\个人项目\FontRecognition\universal-font-recognition\dataset\fonts\JP\Morisawa（森泽）\A-OTF Maru Folk Pro B.otf
159,1,ja,0,1,0,357,#D7094D,0,1.4195538475306242,105,#884503,0,'やすたけ',1.157509481139472,D:\LRC\个人项目\FontRecognition\universal-font-recognition\dataset\fonts\JP\Morisawa（森泽）\A-OTF Maru Folk Pro B.otf
160,3,ja,3,1,2,358,#282828,20,0.6914487160600671,105,#FFFFFF,0,'カイしょとう 叔昌 ソノ江',0.951588255530138,D:\LRC\个人项目\FontRecognition\universal-font-recognition\dataset\fonts\JP\Morisawa（森泽）\A-OTF Gothic MB101 Pr6N H.otf
161,3,ja,3,1,2,358,#282828,20,0.6914487160600671,105,#FFFFFF,0,'ひろし 大森本町 穂状花序',0.951588255530138,D:\LRC\个人项目\FontRecognition\universal-font-recognition\dataset\fonts\JP\Morisawa（森泽）\A-OTF Gothic MB101 Pr6N H.otf
162,3,ja,3,1,2,358,#282828,20,0.6914487160600671,105,#FFFFFF,0,'さすけ シャリ川 もとよし',0.951588255530138,D:\LRC\个人项目\FontRecognition\universal-font-recognition\dataset\fonts\JP\Morisawa（森泽）\A-OTF Gothic MB101 Pr6N H.otf
163,3,ja,3,1,2,358,#282828,20,0.6914487160600671,105,#FFFFFF,0,'寛水 川村恒明 上間ヶ沢',0.951588255530138,D:\LRC\个人项目\FontRecognition\universal-font-recognition\dataset\fonts\JP\Morisawa（森泽）\A-OTF Gothic MB101 Pr6N H.otf
164,3,ja,3,1,2,358,#282828,20,0.6914487160600671,105,#FFFFFF,0,'幽霊蜘蛛 さゆる ひがしむかいやま',0.951588255530138,D:\LRC\个人项目\FontRecognition\universal-font-recognition\dataset\fonts\JP\Morisawa（森泽）\A-OTF Gothic MB101 Pr6N H.otf
165,3,ja,3,1,2,358,#282828,20,0.6914487160600671,105,#FFFFFF,0,'応平 もくで ゆうき',0.951588255530138,D:\LRC\个人项目\FontRecognition\universal-font-recognition\dataset\fonts\JP\Morisawa（森泽）\A-OTF Gothic MB101 Pr6N H.otf
166,3,ja,3,1,2,358,#282828,20,0.6914487160600671,105,#FFFFFF,0,'ロワザン ぬきまさ いいおかのすけごろう',0.951588255530138,D:\LRC\个人项目\FontRecognition\universal-font-recognition\dataset\fonts\JP\Morisawa（森泽）\A-OTF Gothic MB101 Pr6N H.otf
167,3,ja,3,1,2,358,#282828,20,0.6914487160600671,105,#FFFFFF,0,'そぶかわ 多奈川東畑 はしど',0.951588255530138,D:\LRC\个人项目\FontRecognition\universal-font-recognition\dataset\fonts\JP\Morisawa（森泽）\A-OTF Gothic MB101 Pr6N H.otf
168,3,ja,3,1,2,358,#282828,20,0.6914487160600671,105,#FFFFFF,0,'よしひろ じょうてい さかえだ',0.951588255530138,D:\LRC\个人项目\FontRecognition\universal-font-recognition\dataset\fonts\JP\Morisawa（森泽）\A-OTF Gothic MB101 Pr6N H.otf
169,3,ja,3,1,2,358,#282828,20,0.6914487160600671,105,#FFFFFF,0,'しりあう すがなたけ 政治工作',0.951588255530138,D:\LRC\个人项目\FontRecognition\universal-font-recognition\dataset\fonts\JP\Morisawa（森泽）\A-OTF Gothic MB101 Pr6N H.otf
170,2,ja,2,1,0,5,#282828,21,1.423276127853077,105,#48CBA7,0,'仁 すぎもとひでたろう',1.1022912085518588,D:\LRC\个人项目\FontRecognition\universal-font-recognition\dataset\fonts\JP\Morisawa（森泽）\A-OTF Shin Go Pr5 M.otf
171,2,ja,2,1,0,5,#282828,21,1.423276127853077,105,#48CBA7,0,'しぎだちょう 耳塚',1.1022912085518588,D:\LRC\个人项目\FontRecognition\universal-font-recognition\dataset\fonts\JP\Morisawa（森泽）\A-OTF Shin Go Pr5 M.otf
172,2,ja,2,1,0,5,#282828,21,1.423276127853077,105,#48CBA7,0,'下立塚 英之輔',1.1022912085518588,D:\LRC\个人项目\FontRecognition\universal-font-recognition\dataset\fonts\JP\Morisawa（森泽）\A-OTF Shin Go Pr5 M.otf
173,2,ja,2,1,0,5,#282828,21,1.423276127853077,105,#48CBA7,0,'牛塚古墳 根笹',1.1022912085518588,D:\LRC\个人项目\FontRecognition\universal-font-recognition\dataset\fonts\JP\Morisawa（森泽）\A-OTF Shin Go Pr5 M.otf
174,2,ja,2,1,0,5,#282828,21,1.423276127853077,105,#48CBA7,0,'ピエェル 田毎',1.1022912085518588,D:\LRC\个人项目\FontRecognition\universal-font-recognition\dataset\fonts\JP\Morisawa（森泽）\A-OTF Shin Go Pr5 M.otf
175,2,ja,2,1,0,5,#282828,21,1.423276127853077,105,#48CBA7,0,'天竜峡 内谷沼',1.1022912085518588,D:\LRC\个人项目\FontRecognition\universal-font-recognition\dataset\fonts\JP\Morisawa（森泽）\A-OTF Shin Go Pr5 M.otf
176,2,ja,2,1,0,5,#282828,21,1.423276127853077,105,#48CBA7,0,'ゆみがたき 阿東',1.1022912085518588,D:\LRC\个人项目\FontRecognition\universal-font-recognition\dataset\fonts\JP\Morisawa（森泽）\A-OTF Shin Go Pr5 M.otf
177,2,ja,2,1,0,5,#282828,21,1.423276127853077,105,#48CBA7,0,'たいちろう しぶやことの',1.1022912085518588,D:\LRC\个人项目\FontRecognition\universal-font-recognition\dataset\fonts\JP\Morisawa（森泽）\A-OTF Shin Go Pr5 M.otf
178,2,ja,2,1,0,5,#282828,21,1.423276127853077,105,#48CBA7,0,'土耳古 まさよ',1.1022912085518588,D:\LRC\个人项目\FontRecognition\universal-font-recognition\dataset\fonts\JP\Morisawa（森泽）\A-OTF Shin Go Pr5 M.otf
179,2,ja,2,1,0,5,#282828,21,1.423276127853077,105,#48CBA7,0,'尭男 たつえ',1.1022912085518588,D:\LRC\个人项目\FontRecognition\universal-font-recognition\dataset\fonts\JP\Morisawa（森泽）\A-OTF Shin Go Pr5 M.otf
180,1,ja,3,1,1,9,#282828,0,0.03614318241141018,105,#FFFFFF,0,'ハムラさばく',0.8948429274361174,D:\LRC\个人项目\FontRecognition\universal-font-recognition\dataset\fonts\JP\Morisawa（森泽）\A-OTF Ryumin Pro H-KL.otf
181,1,ja,3,1,1,9,#282828,0,0.03614318241141018,105,#FFFFFF,0,'後藤真希',0.8948429274361174,D:\LRC\个人项目\FontRecognition\universal-font-recognition\dataset\fonts\JP\Morisawa（森泽）\A-OTF Ryumin Pro H-KL.otf
182,1,ja,3,1,1,9,#282828,0,0.03614318241141018,105,#FFFFFF,0,'大尻',0.8948429274361174,D:\LRC\个人项目\FontRecognition\universal-font-recognition\dataset\fonts\JP\Morisawa（森泽）\A-OTF Ryumin Pro H-KL.otf
183,1,ja,3,1,1,9,#282828,0,0.03614318241141018,105,#FFFFFF,0,'ひよもり',0.8948429274361174,D:\LRC\个人项目\FontRecognition\universal-font-recognition\dataset\fonts\JP\Morisawa（森泽）\A-OTF Ryumin Pro H-KL.otf
184,1,ja,3,1,1,9,#282828,0,0.03614318241141018,105,#FFFFFF,0,'安妃子',0.8948429274361174,D:\LRC\个人项目\FontRecognition\universal-font-recognition\dataset\fonts\JP\Morisawa（森泽）\A-OTF Ryumin Pro H-KL.otf
185,1,ja,3,1,1,9,#282828,0,0.03614318241141018,105,#FFFFFF,0,'あゆえ',0.8948429274361174,D:\LRC\个人项目\FontRecognition\universal-font-recognition\dataset\fonts\JP\Morisawa（森泽）\A-OTF Ryumin Pro H-KL.otf
186,1,ja,3,1,1,9,#282828,0,0.03614318241141018,105,#FFFFFF,0,'はめどり',0.8948429274361174,D:\LRC\个人项目\FontRecognition\universal-font-recognition\dataset\fonts\JP\Morisawa（森泽）\A-OTF Ryumin Pro H-KL.otf
187,1,ja,3,1,1,9,#282828,0,0.03614318241141018,105,#FFFFFF,0,'紫波郡矢巾町',0.8948429274361174,D:\LRC\个人项目\FontRecognition\universal-font-recognition\dataset\fonts\JP\Morisawa（森泽）\A-OTF Ryumin Pro H-KL.otf
188,1,ja,3,1,1,9,#282828,0,0.03614318241141018,105,#FFFFFF,0,'期待にそう',0.8948429274361174,D:\LRC\个人项目\FontRecognition\universal-font-recognition\dataset\fonts\JP\Morisawa（森泽）\A-OTF Ryumin Pro H-KL.otf
189,1,ja,3,1,1,9,#282828,0,0.03614318241141018,105,#FFFFFF,0,'いさごぜ',0.8948429274361174,D:\LRC\个人项目\FontRecognition\universal-font-recognition\dataset\fonts\JP\Morisawa（森泽）\A-OTF Ryumin Pro H-KL.otf
190,2,ja,2,1,1,23,#36A47B,28,0.29000527374066487,105,#FFFFFF,0,'琢麻 兵庫区',1.047063764458908,D:\LRC\个人项目\FontRecognition\universal-font-recognition\dataset\fonts\JP\Morisawa（森泽）\A-OTF Shin Go Pr5 B.otf
191,2,ja,2,1,1,23,#36A47B,28,0.29000527374066487,105,#FFFFFF,0,'やだね さるたダム',1.047063764458908,D:\LRC\个人项目\FontRecognition\universal-font-recognition\dataset\fonts\JP\Morisawa（森泽）\A-OTF Shin Go Pr5 B.otf
192,2,ja,2,1,1,23,#36A47B,28,0.29000527374066487,105,#FFFFFF,0,'かいぞう 日本現代音楽協会',1.047063764458908,D:\LRC\个人项目\FontRecognition\universal-font-recognition\dataset\fonts\JP\Morisawa（森泽）\A-OTF Shin Go Pr5 B.otf
193,2,ja,2,1,1,23,#36A47B,28,0.29000527374066487,105,#FFFFFF,0,'のぶやす 末永直海',1.047063764458908,D:\LRC\个人项目\FontRecognition\universal-font-recognition\dataset\fonts\JP\Morisawa（森泽）\A-OTF Shin Go Pr5 B.otf
194,2,ja,2,1,1,23,#36A47B,28,0.29000527374066487,105,#FFFFFF,0,'寿広 ゆる',1.047063764458908,D:\LRC\个人项目\FontRecognition\universal-font-recognition\dataset\fonts\JP\Morisawa（森泽）\A-OTF Shin Go Pr5 B.otf
195,2,ja,2,1,1,23,#36A47B,28,0.29000527374066487,105,#FFFFFF,0,'明理 にわか雪',1.047063764458908,D:\LRC\个人项目\FontRecognition\universal-font-recognition\dataset\fonts\JP\Morisawa（森泽）\A-OTF Shin Go Pr5 B.otf
196,2,ja,2,1,1,23,#36A47B,28,0.29000527374066487,105,#FFFFFF,0,'さくた アマーラ',1.047063764458908,D:\LRC\个人项目\FontRecognition\universal-font-recognition\dataset\fonts\JP\Morisawa（森泽）\A-OTF Shin Go Pr5 B.otf
197,2,ja,2,1,1,23,#36A47B,28,0.29000527374066487,105,#FFFFFF,0,'ふみがおかちょう どきよしみ',1.047063764458908,D:\LRC\个人项目\FontRecognition\universal-font-recognition\dataset\fonts\JP\Morisawa（森泽）\A-OTF Shin Go Pr5 B.otf
198,2,ja,2,1,1,23,#36A47B,28,0.29000527374066487,105,#FFFFFF,0,'げんごろう もうしおくれる',1.047063764458908,D:\LRC\个人项目\FontRecognition\universal-font-recognition\dataset\fonts\JP\Morisawa（森泽）\A-OTF Shin Go Pr5 B.otf
199,2,ja,2,1,1,23,#36A47B,28,0.29000527374066487,105,#FFFFFF,0,'コソ花 キャンドルサービス',1.047063764458908,D:\LRC\个人项目\FontRecognition\universal-font-recognition\dataset\fonts\JP\Morisawa（森泽）\A-OTF Shin Go Pr5 B.otf
200,3,ja,0,1,1,15,#282828,23,0.8382610667626147,105,#FFFFFF,3,'もほん じつよ 保史郎',0.9232163030401811,D:\LRC\个人项目\FontRecognition\universal-font-recognition\dataset\fonts\JP\Morisawa（森泽）\A-OTF Ryumin Pro H-KL.otf
201,3,ja,0,1,1,15,#282828,23,0.8382610667626147,105,#FFFFFF,3,'しげみ くろと くすお',0.9232163030401811,D:\LRC\个人项目\FontRecognition\universal-font-recognition\dataset\fonts\JP\Morisawa（森泽）\A-OTF Ryumin Pro H-KL.otf
202,3,ja,0,1,1,15,#282828,23,0.8382610667626147,105,#FFFFFF,3,'木戸前 対外活動本部 詩菜',0.9232163030401811,D:\LRC\个人项目\FontRecognition\universal-font-recognition\dataset\fonts\JP\Morisawa（森泽）\A-OTF Ryumin Pro H-KL.otf
203,3,ja,0,1,1,15,#282828,23,0.8382610667626147,105,#FFFFFF,3,'とおとし 貸室 ねんこうじょれつ',0.9232163030401811,D:\LRC\个人项目\FontRecognition\universal-font-recognition\dataset\fonts\JP\Morisawa（森泽）\A-OTF Ryumin Pro H-KL.otf
204,3,ja,0,1,1,15,#282828,23,0.8382610667626147,105,#FFFFFF,3,'こせん 富洋 賀奈美',0.9232163030401811,D:\LRC\个人项目\FontRecognition\universal-font-recognition\dataset\fonts\JP\Morisawa（森泽）\A-OTF Ryumin Pro H-KL.otf
205,3,ja,0,1,1,15,#282828,23,0.8382610667626147,105,#FFFFFF,3,'於川 太田実 亜炉那',0.9232163030401811,D:\LRC\个人项目\FontRecognition\universal-font-recognition\dataset\fonts\JP\Morisawa（森泽）\A-OTF Ryumin Pro H-KL.otf
206,3,ja,0,1,1,15,#282828,23,0.8382610667626147,105,#FFFFFF,3,'こざいけ 角濱 ちぜんじだに',0.9232163030401811,D:\LRC\个人项目\FontRecognition\universal-font-recognition\dataset\fonts\JP\Morisawa（森泽）\A-OTF Ryumin Pro H-KL.otf
207,3,ja,0,1,1,15,#282828,23,0.8382610667626147,105,#FFFFFF,3,'まつめ わかいの 死する',0.9232163030401811,D:\LRC\个人项目\FontRecognition\universal-font-recognition\dataset\fonts\JP\Morisawa（森泽）\A-OTF Ryumin Pro H-KL.otf
208,3,ja,0,1,1,15,#282828,23,0.8382610667626147,105,#FFFFFF,3,'こうひん 羽香 枝芽香',0.9232163030401811,D:\LRC\个人项目\FontRecognition\universal-font-recognition\dataset\fonts\JP\Morisawa（森泽）\A-OTF Ryumin Pro H-KL.otf
209,3,ja,0,1,1,15,#282828,23,0.8382610667626147,105,#FFFFFF,3,'大間崎 こうふねんがっぴ ペアノ',0.9232163030401811,D:\LRC\个人项目\FontRecognition\universal-font-recognition\dataset\fonts\JP\Morisawa（森泽）\A-OTF Ryumin Pro H-KL.otf
210,2,ja,2,1,2,346,#282828,57,0.8298144868359068,105,#FFFFFF,0,'松原敏春 いんぽん',1.025174830372189,D:\LRC\个人项目\FontRecognition\universal-font-recognition\dataset\fonts\JP\Morisawa（森泽）\A-OTF Shin Maru Go Pro B.otf
211,2,ja,2,1,2,346,#282828,57,0.8298144868359068,105,#FFFFFF,0,'カリーアスアンディーノ 土器川',1.025174830372189,D:\LRC\个人项目\FontRecognition\universal-font-recognition\dataset\fonts\JP\Morisawa（森泽）\A-OTF Shin Maru Go Pro B.otf
212,2,ja,2,1,2,346,#282828,57,0.8298144868359068,105,#FFFFFF,0,'豊栄川 ほうしらい',1.025174830372189,D:\LRC\个人项目\FontRecognition\universal-font-recognition\dataset\fonts\JP\Morisawa（森泽）\A-OTF Shin Maru Go Pro B.otf
213,2,ja,2,1,2,346,#282828,57,0.8298144868359068,105,#FFFFFF,0,'怜久 妙策',1.025174830372189,D:\LRC\个人项目\FontRecognition\universal-font-recognition\dataset\fonts\JP\Morisawa（森泽）\A-OTF Shin Maru Go Pro B.otf
214,2,ja,2,1,2,346,#282828,57,0.8298144868359068,105,#FFFFFF,0,'ヤケノママ やさかがわ',1.025174830372189,D:\LRC\个人项目\FontRecognition\universal-font-recognition\dataset\fonts\JP\Morisawa（森泽）\A-OTF Shin Maru Go Pro B.otf
215,2,ja,2,1,2,346,#282828,57,0.8298144868359068,105,#FFFFFF,0,'いなば 三山秀昭',1.025174830372189,D:\LRC\个人项目\FontRecognition\universal-font-recognition\dataset\fonts\JP\Morisawa（森泽）\A-OTF Shin Maru Go Pro B.otf
216,2,ja,2,1,2,346,#282828,57,0.8298144868359068,105,#FFFFFF,0,'冷笑的 カザフ',1.025174830372189,D:\LRC\个人项目\FontRecognition\universal-font-recognition\dataset\fonts\JP\Morisawa（森泽）\A-OTF Shin Maru Go Pro B.otf
217,2,ja,2,1,2,346,#282828,57,0.8298144868359068,105,#FFFFFF,0,'ウィンナーシュニッツェル 貴己世',1.025174830372189,D:\LRC\个人项目\FontRecognition\universal-font-recognition\dataset\fonts\JP\Morisawa（森泽）\A-OTF Shin Maru Go Pro B.otf
218,2,ja,2,1,2,346,#282828,57,0.8298144868359068,105,#FFFFFF,0,'深刻化 小もん',1.025174830372189,D:\LRC\个人项目\FontRecognition\universal-font-recognition\dataset\fonts\JP\Morisawa（森泽）\A-OTF Shin Maru Go Pro B.otf
219,2,ja,2,1,2,346,#282828,57,0.8298144868359068,105,#FFFFFF,0,'コンセントレーション 大坪川',1.025174830372189,D:\LRC\个人项目\FontRecognition\universal-font-recognition\dataset\fonts\JP\Morisawa（森泽）\A-OTF Shin Maru Go Pro B.otf
220,3,ja,1,1,0,7,#282828,22,0.2447209822954065,105,#429735,3,'貞悟 はたのまえばし レガルブート',0.9121290417991222,D:\LRC\个人项目\FontRecognition\universal-font-recognition\dataset\fonts\JP\Morisawa（森泽）\A-OTF Folk Pro B.otf
221,3,ja,1,1,0,7,#282828,22,0.2447209822954065,105,#429735,3,'ふるいたつ れんげ いつな',0.9121290417991222,D:\LRC\个人项目\FontRecognition\universal-font-recognition\dataset\fonts\JP\Morisawa（森泽）\A-OTF Folk Pro B.otf
222,3,ja,1,1,0,7,#282828,22,0.2447209822954065,105,#429735,3,'すわざき 谷太朗 九石鼻',0.9121290417991222,D:\LRC\个人项目\FontRecognition\universal-font-recognition\dataset\fonts\JP\Morisawa（森泽）\A-OTF Folk Pro B.otf
223,3,ja,1,1,0,7,#282828,22,0.2447209822954065,105,#429735,3,'タイト・バック にごん 達示',0.9121290417991222,D:\LRC\个人项目\FontRecognition\universal-font-recognition\dataset\fonts\JP\Morisawa（森泽）\A-OTF Folk Pro B.otf
224,3,ja,1,1,0,7,#282828,22,0.2447209822954065,105,#429735,3,'垂水藤太 非常に 和洙',0.9121290417991222,D:\LRC\个人项目\FontRecognition\universal-font-recognition\dataset\fonts\JP\Morisawa（森泽）\A-OTF Folk Pro B.otf
225,3,ja,1,1,0,7,#282828,22,0.2447209822954065,105,#429735,3,'東原新 いさお のりみ',0.9121290417991222,D:\LRC\个人项目\FontRecognition\universal-font-recognition\dataset\fonts\JP\Morisawa（森泽）\A-OTF Folk Pro B.otf
226,3,ja,1,1,0,7,#282828,22,0.2447209822954065,105,#429735,3,'ほけんきん つるふくいんちょう いいとこのお坊ちゃん',0.9121290417991222,D:\LRC\个人项目\FontRecognition\universal-font-recognition\dataset\fonts\JP\Morisawa（森泽）\A-OTF Folk Pro B.otf
227,3,ja,1,1,0,7,#282828,22,0.2447209822954065,105,#429735,3,'都賀の台 じんいち もらいぢ',0.9121290417991222,D:\LRC\个人项目\FontRecognition\universal-font-recognition\dataset\fonts\JP\Morisawa（森泽）\A-OTF Folk Pro B.otf
228,3,ja,1,1,0,7,#282828,22,0.2447209822954065,105,#429735,3,'医療機器 まわりぶち じゅんさぶろう',0.9121290417991222,D:\LRC\个人项目\FontRecognition\universal-font-recognition\dataset\fonts\JP\Morisawa（森泽）\A-OTF Folk Pro B.otf
229,3,ja,1,1,0,7,#282828,22,0.2447209822954065,105,#429735,3,'けいすけ 伊香立下龍華町 まゆき',0.9121290417991222,D:\LRC\个人项目\FontRecognition\universal-font-recognition\dataset\fonts\JP\Morisawa（森泽）\A-OTF Folk Pro B.otf
230,2,ja,3,1,0,2,#938FA6,59,0.3914197170821122,105,#FFFFFF,0,'え へそ曲がり',0.9013938229394013,D:\LRC\个人项目\FontRecognition\universal-font-recognition\dataset\fonts\JP\Morisawa（森泽）\A-OTF Ryumin Pr6N EB-KL.otf
231,2,ja,3,1,0,2,#938FA6,59,0.3914197170821122,105,#FFFFFF,0,'スルツキー しみずひがしまち',0.9013938229394013,D:\LRC\个人项目\FontRecognition\universal-font-recognition\dataset\fonts\JP\Morisawa（森泽）\A-OTF Ryumin Pr6N EB-KL.otf
232,2,ja,3,1,0,2,#938FA6,59,0.3914197170821122,105,#FFFFFF,0,'よこいやゆう リヤール',0.9013938229394013,D:\LRC\个人项目\FontRecognition\universal-font-recognition\dataset\fonts\JP\Morisawa（森泽）\A-OTF Ryumin Pr6N EB-KL.otf
233,2,ja,3,1,0,2,#938FA6,59,0.3914197170821122,105,#FFFFFF,0,'芝 山池',0.9013938229394013,D:\LRC\个人项目\FontRecognition\universal-font-recognition\dataset\fonts\JP\Morisawa（森泽）\A-OTF Ryumin Pr6N EB-KL.otf
234,2,ja,3,1,0,2,#938FA6,59,0.3914197170821122,105,#FFFFFF,0,'行人町 きゅうこんりょこう',0.9013938229394013,D:\LRC\个人项目\FontRecognition\universal-font-recognition\dataset\fonts\JP\Morisawa（森泽）\A-OTF Ryumin Pr6N EB-KL.otf
235,2,ja,3,1,0,2,#938FA6,59,0.3914197170821122,105,#FFFFFF,0,'大鵟 吾智',0.9013938229394013,D:\LRC\个人项目\FontRecognition\universal-font-recognition\dataset\fonts\JP\Morisawa（森泽）\A-OTF Ryumin Pr6N EB-KL.otf
236,2,ja,3,1,0,2,#938FA6,59,0.3914197170821122,105,#FFFFFF,0,'躁 バッセン',0.9013938229394013,D:\LRC\个人项目\FontRecognition\universal-font-recognition\dataset\fonts\JP\Morisawa（森泽）\A-OTF Ryumin Pr6N EB-KL.otf
237,2,ja,3,1,0,2,#938FA6,59,0.3914197170821122,105,#FFFFFF,0,'かわぐちさとし じゅういちめんかんのん',0.9013938229394013,D:\LRC\个人项目\FontRecognition\universal-font-recognition\dataset\fonts\JP\Morisawa（森泽）\A-OTF Ryumin Pr6N EB-KL.otf
238,2,ja,3,1,0,2,#938FA6,59,0.3914197170821122,105,#FFFFFF,0,'明海 いけすちょう',0.9013938229394013,D:\LRC\个人项目\FontRecognition\universal-font-recognition\dataset\fonts\JP\Morisawa（森泽）\A-OTF Ryumin Pr6N EB-KL.otf
239,2,ja,3,1,0,2,#938FA6,59,0.3914197170821122,105,#FFFFFF,0,'あきひろ 昌扶',0.9013938229394013,D:\LRC\个人项目\FontRecognition\universal-font-recognition\dataset\fonts\JP\Morisawa（森泽）\A-OTF Ryumin Pr6N EB-KL.otf
240,2,ja,0,1,0,3,#282828,14,0.7659019187914018,105,#E365B6,1,'ふるまえ サンボロンボン川',1.0362865907413246,D:\LRC\个人项目\FontRecognition\universal-font-recognition\dataset\fonts\JP\Morisawa（森泽）\A-OTF Shin Maru Go Pr6N B.otf
241,2,ja,0,1,0,3,#282828,14,0.7659019187914018,105,#E365B6,1,'食えない 福崎文吾',1.0362865907413246,D:\LRC\个人项目\FontRecognition\universal-font-recognition\dataset\fonts\JP\Morisawa（森泽）\A-OTF Shin Maru Go Pr6N B.otf
242,2,ja,0,1,0,3,#282828,14,0.7659019187914018,105,#E365B6,1,'ぶん投げる 錦上',1.0362865907413246,D:\LRC\个人项目\FontRecognition\universal-font-recognition\dataset\fonts\JP\Morisawa（森泽）\A-OTF Shin Maru Go Pr6N B.otf
243,2,ja,0,1,0,3,#282828,14,0.7659019187914018,105,#E365B6,1,'ギヤ しどうりん',1.0362865907413246,D:\LRC\个人项目\FontRecognition\universal-font-recognition\dataset\fonts\JP\Morisawa（森泽）\A-OTF Shin Maru Go Pr6N B.otf
244,2,ja,0,1,0,3,#282828,14,0.7659019187914018,105,#E365B6,1,'りむ とよもとあきなが',1.0362865907413246,D:\LRC\个人项目\FontRecognition\universal-font-recognition\dataset\fonts\JP\Morisawa（森泽）\A-OTF Shin Maru Go Pr6N B.otf
245,2,ja,0,1,0,3,#282828,14,0.7659019187914018,105,#E365B6,1,'たかひろ 井関邦三郎',1.0362865907413246,D:\LRC\个人项目\FontRecognition\universal-font-recognition\dataset\fonts\JP\Morisawa（森泽）\A-OTF Shin Maru Go Pr6N B.otf
246,2,ja,0,1,0,3,#282828,14,0.7659019187914018,105,#E365B6,1,'青木史幸 旦子',1.0362865907413246,D:\LRC\个人项目\FontRecognition\universal-font-recognition\dataset\fonts\JP\Morisawa（森泽）\A-OTF Shin Maru Go Pr6N B.otf
247,2,ja,0,1,0,3,#282828,14,0.7659019187914018,105,#E365B6,1,'友達以上恋人未満 まわたりばし',1.0362865907413246,D:\LRC\个人项目\FontRecognition\universal-font-recognition\dataset\fonts\JP\Morisawa（森泽）\A-OTF Shin Maru Go Pr6N B.otf
248,2,ja,0,1,0,3,#282828,14,0.7659019187914018,105,#E365B6,1,'うさぶろう くちがわるい',1.0362865907413246,D:\LRC\个人项目\FontRecognition\universal-font-recognition\dataset\fonts\JP\Morisawa（森泽）\A-OTF Shin Maru Go Pr6N B.otf
249,2,ja,0,1,0,3,#282828,14,0.7659019187914018,105,#E365B6,1,'さばやし 吉柴',1.0362865907413246,D:\LRC\个人项目\FontRecognition\universal-font-recognition\dataset\fonts\JP\Morisawa（森泽）\A-OTF Shin Maru Go Pr6N B.otf
250,3,ja,3,1,0,14,#282828,24,1.1387926506743535,105,#FFFFFF,7,'作恵 大峯谷川 こうさぶろう',0.9667836605238069,D:\LRC\个人项目\FontRecognition\universal-font-recognition\dataset\fonts\JP\Morisawa（森泽）\A-OTF Ryumin Pro EH-KL.otf
251,3,ja,3,1,0,14,#282828,24,1.1387926506743535,105,#FFFFFF,7,'ひらやまかおな とっぱつせいはっしん 肯定',0.9667836605238069,D:\LRC\个人项目\FontRecognition\universal-font-recognition\dataset\fonts\JP\Morisawa（森泽）\A-OTF Ryumin Pro EH-KL.otf
252,3,ja,3,1,0,14,#282828,24,1.1387926506743535,105,#FFFFFF,7,'あきつね 九十九田 核内体',0.9667836605238069,D:\LRC\个人项目\FontRecognition\universal-font-recognition\dataset\fonts\JP\Morisawa（森泽）\A-OTF Ryumin Pro EH-KL.otf
253,3,ja,3,1,0,14,#282828,24,1.1387926506743535,105,#FFFFFF,7,'しいね すうじコードかしゅうごう ひらしば',0.9667836605238069,D:\LRC\个人项目\FontRecognition\universal-font-recognition\dataset\fonts\JP\Morisawa（森泽）\A-OTF Ryumin Pro EH-KL.otf
254,3,ja,3,1,0,14,#282828,24,1.1387926506743535,105,#FFFFFF,7,'ビデお えみり ひたき',0.9667836605238069,D:\LRC\个人项目\FontRecognition\universal-font-recognition\dataset\fonts\JP\Morisawa（森泽）\A-OTF Ryumin Pro EH-KL.otf
255,3,ja,3,1,0,14,#282828,24,1.1387926506743535,105,#FFFFFF,7,'りんあ とまりやましみんこうえん くらしまながまさ',0.9667836605238069,D:\LRC\个人项目\FontRecognition\universal-font-recognition\dataset\fonts\JP\Morisawa（森泽）\A-OTF Ryumin Pro EH-KL.otf
256,3,ja,3,1,0,14,#282828,24,1.1387926506743535,105,#FFFFFF,7,'献木 地舘 發動機',0.9667836605238069,D:\LRC\个人项目\FontRecognition\universal-font-recognition\dataset\fonts\JP\Morisawa（森泽）\A-OTF Ryumin Pro EH-KL.otf
257,3,ja,3,1,0,14,#282828,24,1.1387926506743535,105,#FFFFFF,7,'つが フェーエンバーガー 浄阿',0.9667836605238069,D:\LRC\个人项目\FontRecognition\universal-font-recognition\dataset\fonts\JP\Morisawa（森泽）\A-OTF Ryumin Pro EH-KL.otf
258,3,ja,3,1,0,14,#282828,24,1.1387926506743535,105,#FFFFFF,7,'きのすけ すみれ 選抜高等学校野球大会',0.9667836605238069,D:\LRC\个人项目\FontRecognition\universal-font-recognition\dataset\fonts\JP\Morisawa（森泽）\A-OTF Ryumin Pro EH-KL.otf
259,3,ja,3,1,0,14,#282828,24,1.1387926506743535,105,#FFFFFF,7,'教邦 にほんさんぎょうひょうじゅんちょうさかい 制御集団',0.9667836605238069,D:\LRC\个人项目\FontRecognition\universal-font-recognition\dataset\fonts\JP\Morisawa（森泽）\A-OTF Ryumin Pro EH-KL.otf
260,1,ja,0,1,1,6,#282828,29,0.13172187088768172,105,#FFFFFF,4,'やまうえ',0.948347311866834,D:\LRC\个人项目\FontRecognition\universal-font-recognition\dataset\fonts\JP\Morisawa（森泽）\A-OTF Shin Maru Go Pr6N H.otf
261,1,ja,0,1,1,6,#282828,29,0.13172187088768172,105,#FFFFFF,4,'かねさと',0.948347311866834,D:\LRC\个人项目\FontRecognition\universal-font-recognition\dataset\fonts\JP\Morisawa（森泽）\A-OTF Shin Maru Go Pr6N H.otf
262,1,ja,0,1,1,6,#282828,29,0.13172187088768172,105,#FFFFFF,4,'麦洋',0.948347311866834,D:\LRC\个人项目\FontRecognition\universal-font-recognition\dataset\fonts\JP\Morisawa（森泽）\A-OTF Shin Maru Go Pr6N H.otf
263,1,ja,0,1,1,6,#282828,29,0.13172187088768172,105,#FFFFFF,4,'泉祈',0.948347311866834,D:\LRC\个人项目\FontRecognition\universal-font-recognition\dataset\fonts\JP\Morisawa（森泽）\A-OTF Shin Maru Go Pr6N H.otf
264,1,ja,0,1,1,6,#282828,29,0.13172187088768172,105,#FFFFFF,4,'つさか',0.948347311866834,D:\LRC\个人项目\FontRecognition\universal-font-recognition\dataset\fonts\JP\Morisawa（森泽）\A-OTF Shin Maru Go Pr6N H.otf
265,1,ja,0,1,1,6,#282828,29,0.13172187088768172,105,#FFFFFF,4,'ライフスナイダー',0.948347311866834,D:\LRC\个人项目\FontRecognition\universal-font-recognition\dataset\fonts\JP\Morisawa（森泽）\A-OTF Shin Maru Go Pr6N H.otf
266,1,ja,0,1,1,6,#282828,29,0.13172187088768172,105,#FFFFFF,4,'ひやけサロン',0.948347311866834,D:\LRC\个人项目\FontRecognition\universal-font-recognition\dataset\fonts\JP\Morisawa（森泽）\A-OTF Shin Maru Go Pr6N H.otf
267,1,ja,0,1,1,6,#282828,29,0.13172187088768172,105,#FFFFFF,4,'頼房',0.948347311866834,D:\LRC\个人项目\FontRecognition\universal-font-recognition\dataset\fonts\JP\Morisawa（森泽）\A-OTF Shin Maru Go Pr6N H.otf
268,1,ja,0,1,1,6,#282828,29,0.13172187088768172,105,#FFFFFF,4,'過眠症',0.948347311866834,D:\LRC\个人项目\FontRecognition\universal-font-recognition\dataset\fonts\JP\Morisawa（森泽）\A-OTF Shin Maru Go Pr6N H.otf
269,1,ja,0,1,1,6,#282828,29,0.13172187088768172,105,#FFFFFF,4,'むじげんすう',0.948347311866834,D:\LRC\个人项目\FontRecognition\universal-font-recognition\dataset\fonts\JP\Morisawa（森泽）\A-OTF Shin Maru Go Pr6N H.otf
270,1,ja,3,1,2,7,#282828,36,1.3317880084319362,105,#2DC069,0,'はさみ',0.9082540604141689,D:\LRC\个人项目\FontRecognition\universal-font-recognition\dataset\fonts\JP\Morisawa（森泽）\A-OTF Kaimin Sora Std B.otf
271,1,ja,3,1,2,7,#282828,36,1.3317880084319362,105,#2DC069,0,'おおダコ',0.9082540604141689,D:\LRC\个人项目\FontRecognition\universal-font-recognition\dataset\fonts\JP\Morisawa（森泽）\A-OTF Kaimin Sora Std B.otf
272,1,ja,3,1,2,7,#282828,36,1.3317880084319362,105,#2DC069,0,'はんざいしゃ',0.9082540604141689,D:\LRC\个人项目\FontRecognition\universal-font-recognition\dataset\fonts\JP\Morisawa（森泽）\A-OTF Kaimin Sora Std B.otf
273,1,ja,3,1,2,7,#282828,36,1.3317880084319362,105,#2DC069,0,'斎藤十朗',0.9082540604141689,D:\LRC\个人项目\FontRecognition\universal-font-recognition\dataset\fonts\JP\Morisawa（森泽）\A-OTF Kaimin Sora Std B.otf
274,1,ja,3,1,2,7,#282828,36,1.3317880084319362,105,#2DC069,0,'哲征',0.9082540604141689,D:\LRC\个人项目\FontRecognition\universal-font-recognition\dataset\fonts\JP\Morisawa（森泽）\A-OTF Kaimin Sora Std B.otf
275,1,ja,3,1,2,7,#282828,36,1.3317880084319362,105,#2DC069,0,'鯛瀬',0.9082540604141689,D:\LRC\个人项目\FontRecognition\universal-font-recognition\dataset\fonts\JP\Morisawa（森泽）\A-OTF Kaimin Sora Std B.otf
276,1,ja,3,1,2,7,#282828,36,1.3317880084319362,105,#2DC069,0,'みやがわじんじゃしゃそう',0.9082540604141689,D:\LRC\个人项目\FontRecognition\universal-font-recognition\dataset\fonts\JP\Morisawa（森泽）\A-OTF Kaimin Sora Std B.otf
277,1,ja,3,1,2,7,#282828,36,1.3317880084319362,105,#2DC069,0,'アニメソング',0.9082540604141689,D:\LRC\个人项目\FontRecognition\universal-font-recognition\dataset\fonts\JP\Morisawa（森泽）\A-OTF Kaimin Sora Std B.otf
278,1,ja,3,1,2,7,#282828,36,1.3317880084319362,105,#2DC069,0,'つがるなかさとえき',0.9082540604141689,D:\LRC\个人项目\FontRecognition\universal-font-recognition\dataset\fonts\JP\Morisawa（森泽）\A-OTF Kaimin Sora Std B.otf
279,1,ja,3,1,2,7,#282828,36,1.3317880084319362,105,#2DC069,0,'三度山町',0.9082540604141689,D:\LRC\个人项目\FontRecognition\universal-font-recognition\dataset\fonts\JP\Morisawa（森泽）\A-OTF Kaimin Sora Std B.otf
280,3,ja,3,1,0,12,#282828,30,0.8910923887132058,105,#9DE638,0,'藤嶋 グランドスタンドプレー 平尾沢川',1.1072058984417592,D:\LRC\个人项目\FontRecognition\universal-font-recognition\dataset\fonts\JP\Morisawa（森泽）\A-OTF Jun Pro 201.otf
281,3,ja,3,1,0,12,#282828,30,0.8910923887132058,105,#9DE638,0,'たけひで ひがしおうめえき 植物性脂肪',1.1072058984417592,D:\LRC\个人项目\FontRecognition\universal-font-recognition\dataset\fonts\JP\Morisawa（森泽）\A-OTF Jun Pro 201.otf
282,3,ja,3,1,0,12,#282828,30,0.8910923887132058,105,#9DE638,0,'おのかわらちょう 間井 安積町日出山',1.1072058984417592,D:\LRC\个人项目\FontRecognition\universal-font-recognition\dataset\fonts\JP\Morisawa（森泽）\A-OTF Jun Pro 201.otf
283,3,ja,3,1,0,12,#282828,30,0.8910923887132058,105,#9DE638,0,'いっき 怜登 いあん',1.1072058984417592,D:\LRC\个人项目\FontRecognition\universal-font-recognition\dataset\fonts\JP\Morisawa（森泽）\A-OTF Jun Pro 201.otf
284,3,ja,3,1,0,12,#282828,30,0.8910923887132058,105,#9DE638,0,'なおみ けんご インフラ開発',1.1072058984417592,D:\LRC\个人项目\FontRecognition\universal-font-recognition\dataset\fonts\JP\Morisawa（森泽）\A-OTF Jun Pro 201.otf
285,3,ja,3,1,0,12,#282828,30,0.8910923887132058,105,#9DE638,0,'雨空 関わり合う たおじり',1.1072058984417592,D:\LRC\个人项目\FontRecognition\universal-font-recognition\dataset\fonts\JP\Morisawa（森泽）\A-OTF Jun Pro 201.otf
286,3,ja,3,1,0,12,#282828,30,0.8910923887132058,105,#9DE638,0,'鈴木藤丸 かいとうりゅういちろう こうじろう',1.1072058984417592,D:\LRC\个人项目\FontRecognition\universal-font-recognition\dataset\fonts\JP\Morisawa（森泽）\A-OTF Jun Pro 201.otf
287,3,ja,3,1,0,12,#282828,30,0.8910923887132058,105,#9DE638,0,'田中上 きたあだちぐん われもこう',1.1072058984417592,D:\LRC\个人项目\FontRecognition\universal-font-recognition\dataset\fonts\JP\Morisawa（森泽）\A-OTF Jun Pro 201.otf
288,3,ja,3,1,0,12,#282828,30,0.8910923887132058,105,#9DE638,0,'伊佐一 あつく じんたん',1.1072058984417592,D:\LRC\个人项目\FontRecognition\universal-font-recognition\dataset\fonts\JP\Morisawa（森泽）\A-OTF Jun Pro 201.otf
289,3,ja,3,1,0,12,#282828,30,0.8910923887132058,105,#9DE638,0,'台風並み よしお すぐの',1.1072058984417592,D:\LRC\个人项目\FontRecognition\universal-font-recognition\dataset\fonts\JP\Morisawa（森泽）\A-OTF Jun Pro 201.otf
290,1,ja,3,1,0,6,#282828,0,0.5450838020458064,105,#32E1EC,0,'はやうち',1.1546125850508446,D:\LRC\个人项目\FontRecognition\universal-font-recognition\dataset\fonts\JP\Morisawa（森泽）\A-OTF Kaimin Tsuki Std M.otf
291,1,ja,3,1,0,6,#282828,0,0.5450838020458064,105,#32E1EC,0,'たからためいけ',1.1546125850508446,D:\LRC\个人项目\FontRecognition\universal-font-recognition\dataset\fonts\JP\Morisawa（森泽）\A-OTF Kaimin Tsuki Std M.otf
292,1,ja,3,1,0,6,#282828,0,0.5450838020458064,105,#32E1EC,0,'吉沖',1.1546125850508446,D:\LRC\个人项目\FontRecognition\universal-font-recognition\dataset\fonts\JP\Morisawa（森泽）\A-OTF Kaimin Tsuki Std M.otf
293,1,ja,3,1,0,6,#282828,0,0.5450838020458064,105,#32E1EC,0,'藤の丘トンネル',1.1546125850508446,D:\LRC\个人项目\FontRecognition\universal-font-recognition\dataset\fonts\JP\Morisawa（森泽）\A-OTF Kaimin Tsuki Std M.otf
294,1,ja,3,1,0,6,#282828,0,0.5450838020458064,105,#32E1EC,0,'くものたいら',1.1546125850508446,D:\LRC\个人项目\FontRecognition\universal-font-recognition\dataset\fonts\JP\Morisawa（森泽）\A-OTF Kaimin Tsuki Std M.otf
295,1,ja,3,1,0,6,#282828,0,0.5450838020458064,105,#32E1EC,0,'きたもろかた',1.1546125850508446,D:\LRC\个人项目\FontRecognition\universal-font-recognition\dataset\fonts\JP\Morisawa（森泽）\A-OTF Kaimin Tsuki Std M.otf
296,1,ja,3,1,0,6,#282828,0,0.5450838020458064,105,#32E1EC,0,'あきとし',1.1546125850508446,D:\LRC\个人项目\FontRecognition\universal-font-recognition\dataset\fonts\JP\Morisawa（森泽）\A-OTF Kaimin Tsuki Std M.otf
297,1,ja,3,1,0,6,#282828,0,0.5450838020458064,105,#32E1EC,0,'西荒井町',1.1546125850508446,D:\LRC\个人项目\FontRecognition\universal-font-recognition\dataset\fonts\JP\Morisawa（森泽）\A-OTF Kaimin Tsuki Std M.otf
298,1,ja,3,1,0,6,#282828,0,0.5450838020458064,105,#32E1EC,0,'小高直子',1.1546125850508446,D:\LRC\个人项目\FontRecognition\universal-font-recognition\dataset\fonts\JP\Morisawa（森泽）\A-OTF Kaimin Tsuki Std M.otf
299,1,ja,3,1,0,6,#282828,0,0.5450838020458064,105,#32E1EC,0,'よくにめがくらむ',1.1546125850508446,D:\LRC\个人项目\FontRecognition\universal-font-recognition\dataset\fonts\JP\Morisawa（森泽）\A-OTF Kaimin Tsuki Std M.otf
